-- phpMyAdmin SQL Dump
-- version 5.2.1
-- https://www.phpmyadmin.net/
--
-- Host: localhost
-- Generation Time: Jun 03, 2024 at 01:09 PM
-- Server version: 10.4.28-MariaDB
-- PHP Version: 8.2.4

SET SQL_MODE = "NO_AUTO_VALUE_ON_ZERO";
START TRANSACTION;
SET time_zone = "+00:00";


/*!40101 SET @OLD_CHARACTER_SET_CLIENT=@@CHARACTER_SET_CLIENT */;
/*!40101 SET @OLD_CHARACTER_SET_RESULTS=@@CHARACTER_SET_RESULTS */;
/*!40101 SET @OLD_COLLATION_CONNECTION=@@COLLATION_CONNECTION */;
/*!40101 SET NAMES utf8mb4 */;

--
-- Database: `aplikasi_kasir`
--

-- --------------------------------------------------------

--
-- Table structure for table `admin`
--

CREATE TABLE `admin` (
  `id_admin` int(11) NOT NULL,
  `username` varchar(50) NOT NULL,
  `password` varchar(255) NOT NULL,
  `nama_admin` varchar(100) NOT NULL
) ENGINE=InnoDB DEFAULT CHARSET=utf8mb4 COLLATE=utf8mb4_general_ci;

--
-- Dumping data for table `admin`
--

INSERT INTO `admin` (`id_admin`, `username`, `password`, `nama_admin`) VALUES
(1, 'admin', '21232f297a57a5a743894a0e4a801fc3', 'renasya'),
(2, 'admin2', '21232f297a57a5a743894a0e4a801fc3', 'Admin Dua');

-- --------------------------------------------------------

--
-- Table structure for table `barang`
--

CREATE TABLE `barang` (
  `id_barang` int(11) NOT NULL,
  `harga_beli` decimal(10,2) NOT NULL,
  `harga_jual` decimal(10,2) NOT NULL,
  `stok` int(11) NOT NULL,
  `nama_barang` varchar(100) NOT NULL,
  `merk` varchar(50) NOT NULL
) ENGINE=InnoDB DEFAULT CHARSET=utf8mb4 COLLATE=utf8mb4_general_ci;

--
-- Dumping data for table `barang`
--

INSERT INTO `barang` (`id_barang`, `harga_beli`, `harga_jual`, `stok`, `nama_barang`, `merk`) VALUES
(1, 1500000.00, 2000000.00, 9, 'Laptop Asus', 'Merk A'),
(2, 2000000.00, 2500000.00, 2, 'Laptop Toshiba F', 'Merk B'),
(3, 1800000.00, 2300000.00, 7, 'Laptop Dell', 'Merk C'),
(12, 5000000.00, 5500000.00, 4, 'Macbook Air', 'Apple');

-- --------------------------------------------------------

--
-- Table structure for table `detail_transaksi`
--

CREATE TABLE `detail_transaksi` (
  `id_detail_transaksi` int(11) NOT NULL,
  `id_transaksi` int(11) NOT NULL,
  `id_barang` int(11) NOT NULL,
  `qty` int(11) NOT NULL
) ENGINE=InnoDB DEFAULT CHARSET=utf8mb4 COLLATE=utf8mb4_general_ci;

--
-- Dumping data for table `detail_transaksi`
--

INSERT INTO `detail_transaksi` (`id_detail_transaksi`, `id_transaksi`, `id_barang`, `qty`) VALUES
(1, 1, 1, 2),
(2, 1, 2, 1),
(19, 26, 1, 1),
(20, 26, 3, 1),
(21, 27, 1, 1),
(22, 27, 3, 2),
(23, 28, 1, 1),
(25, 30, 1, 1),
(26, 30, 1, 2),
(27, 31, 1, 1),
(28, 31, 3, 2),
(29, 32, 2, 1),
(30, 33, 1, 2);

-- --------------------------------------------------------

--
-- Table structure for table `pelanggan`
--

CREATE TABLE `pelanggan` (
  `id_pelanggan` int(11) NOT NULL,
  `nama_pelanggan` varchar(100) NOT NULL,
  `no_hp` varchar(15) NOT NULL,
  `alamat` text NOT NULL,
  `email` varchar(100) NOT NULL
) ENGINE=InnoDB DEFAULT CHARSET=utf8mb4 COLLATE=utf8mb4_general_ci;

--
-- Dumping data for table `pelanggan`
--

INSERT INTO `pelanggan` (`id_pelanggan`, `nama_pelanggan`, `no_hp`, `alamat`, `email`) VALUES
(1, 'Budi Santoso', '081234567890', 'Jl. Merdeka No. 1, Jakarta', 'budi@example.com'),
(2, 'Ani Yulianti', '081234567891', 'Jl. Sudirman No. 2, Jakarta 2', 'aniyuli@gmail.com'),
(6, 'Renasya', '089347009002', 'Jl Batara', 'renasyaa@gmail.com'),
(7, 'Desti', '082106892022', 'Jl Peta', 'destii@gmail.com');

-- --------------------------------------------------------

--
-- Table structure for table `transaksi`
--

CREATE TABLE `transaksi` (
  `id_transaksi` int(11) NOT NULL,
  `id_pelanggan` int(11) NOT NULL,
  `tanggal` datetime NOT NULL,
  `total_pembelian` decimal(10,0) NOT NULL,
  `kembalian` decimal(10,0) NOT NULL,
  `bayar` decimal(10,0) NOT NULL,
  `keterangan` text DEFAULT NULL
) ENGINE=InnoDB DEFAULT CHARSET=utf8mb4 COLLATE=utf8mb4_general_ci;

--
-- Dumping data for table `transaksi`
--

INSERT INTO `transaksi` (`id_transaksi`, `id_pelanggan`, `tanggal`, `total_pembelian`, `kembalian`, `bayar`, `keterangan`) VALUES
(1, 0, '2024-05-15 14:30:00', 3500000, 500000, 7000000, 'Pembelian Laptop untuk kantor'),
(2, 0, '2024-05-15 15:00:00', 2300000, 200000, 2500000, 'Pembelian Laptop pribadi'),
(26, 2, '2024-06-02 13:42:00', 4300000, 700000, 5000000, 'asfasfasfasfasf13'),
(27, 2, '2024-06-02 18:43:00', 6600000, 3400000, 10000000, 'asfasgafs g a'),
(28, 1, '2024-06-02 18:52:00', 2000000, 3000000, 5000000, 'ds'),
(30, 2, '2024-06-02 21:28:00', 6000000, 0, 6000000, 'buat kuliah'),
(31, 2, '2024-06-03 07:13:00', 6600000, 3400000, 10000000, 'Untuk keperluan kuliah'),
(32, 2, '2024-06-03 12:43:00', 2500000, 0, 2500000, 'untuk kantor'),
(33, 1, '2024-06-03 18:05:00', 4000000, 1000000, 5000000, 'untuk kantp');

--
-- Indexes for dumped tables
--

--
-- Indexes for table `admin`
--
ALTER TABLE `admin`
  ADD PRIMARY KEY (`id_admin`);

--
-- Indexes for table `barang`
--
ALTER TABLE `barang`
  ADD PRIMARY KEY (`id_barang`);

--
-- Indexes for table `detail_transaksi`
--
ALTER TABLE `detail_transaksi`
  ADD PRIMARY KEY (`id_detail_transaksi`),
  ADD KEY `id_transaksi` (`id_transaksi`),
  ADD KEY `id_barang` (`id_barang`);

--
-- Indexes for table `pelanggan`
--
ALTER TABLE `pelanggan`
  ADD PRIMARY KEY (`id_pelanggan`);

--
-- Indexes for table `transaksi`
--
ALTER TABLE `transaksi`
  ADD PRIMARY KEY (`id_transaksi`),
  ADD KEY `fk_id_pelanggan` (`id_pelanggan`);

--
-- AUTO_INCREMENT for dumped tables
--

--
-- AUTO_INCREMENT for table `admin`
--
ALTER TABLE `admin`
  MODIFY `id_admin` int(11) NOT NULL AUTO_INCREMENT, AUTO_INCREMENT=3;

--
-- AUTO_INCREMENT for table `barang`
--
ALTER TABLE `barang`
  MODIFY `id_barang` int(11) NOT NULL AUTO_INCREMENT, AUTO_INCREMENT=15;

--
-- AUTO_INCREMENT for table `detail_transaksi`
--
ALTER TABLE `detail_transaksi`
  MODIFY `id_detail_transaksi` int(11) NOT NULL AUTO_INCREMENT, AUTO_INCREMENT=31;

--
-- AUTO_INCREMENT for table `pelanggan`
--
ALTER TABLE `pelanggan`
  MODIFY `id_pelanggan` int(11) NOT NULL AUTO_INCREMENT, AUTO_INCREMENT=8;

--
-- AUTO_INCREMENT for table `transaksi`
--
ALTER TABLE `transaksi`
  MODIFY `id_transaksi` int(11) NOT NULL AUTO_INCREMENT, AUTO_INCREMENT=34;

--
-- Constraints for dumped tables
--

--
-- Constraints for table `detail_transaksi`
--
ALTER TABLE `detail_transaksi`
  ADD CONSTRAINT `detail_transaksi_ibfk_1` FOREIGN KEY (`id_transaksi`) REFERENCES `transaksi` (`id_transaksi`),
  ADD CONSTRAINT `detail_transaksi_ibfk_2` FOREIGN KEY (`id_barang`) REFERENCES `barang` (`id_barang`);
COMMIT;

/*!40101 SET CHARACTER_SET_CLIENT=@OLD_CHARACTER_SET_CLIENT */;
/*!40101 SET CHARACTER_SET_RESULTS=@OLD_CHARACTER_SET_RESULTS */;
/*!40101 SET COLLATION_CONNECTION=@OLD_COLLATION_CONNECTION */;
